{
  "marketing_stripe": {
    "text": "13% de Desconto em Pagamentos a Vista. Nos Chame Através do Whatsapp clicando AQUI",
    "link": "https://api.whatsapp.com/send?phone=%2B5521970342522",
    "background": "#ff0000",
    "color": "#ffffff"
  },
  "contacts_stripe": {
    "pages": [],
    "phone_wpp": true,
    "socials": true
  },
  "categories_list": {
    "featured": [],
    "random": 0,
    "full_width": false
  },
  "desktop_megamenu": false,
  "search_input": true,
  "alphabetical_order_submenu": false,
  "full_width_submenu": false
}