{
  "meta_title": "LUGASO COMERCIO",
  "meta_description": "",
  "sections": [
    {
      "type": "info-bar",
      "enabled": true
    },
    {
      "type": "collection-shelf",
      "shuffle": false,
      "limit": 12,
      "page": 3,
      "collection_id": "608ae07f014d483dbf16d1d1:brands:PIONEER:/pioneer",
      "sort": "views",
      "title": "PIONEER"
    },
    {
      "type": "collection-shelf",
      "shuffle": false,
      "limit": 12,
      "page": 1,
      "collection_id": "608af091014d483dbf16dec1:brands:BEHRINGER:/behringer",
      "sort": "views",
      "title": "BEHRINGER"
    },
    {
      "type": "dynamic-showcase",
      "load_more": true,
      "sort": "views"
    }
  ]
}